Excluded Feature,Remaining Feature
Ind. 16.4.2.1,Ind. 5.c.1.1
Ind. 16.7.1.3,Ind. 4.7.1.1
Ind. 2.3.1.1,Ind. 6.3.2.4
Ind. 16.7.1.3,Ind. 4.a.1.6
Ind. 10.7.1.1,Ind. 1.4.1.1
Ind. 10.7.1.1,Ind. 1.5.1.6
Ind. 5.a.1.2,Ind. 12.4.1.5
Ind. 1.2.2.3,Ind. 14.3.1.1
Ind. 14.1.1.9,Ind. 17.1.1.1
Ind. 5.6.2.1,Ind. 14.1.1.8
Ind. 16.7.1.4,Ind. 3.8.1.1
Ind. 5.6.2.16,Ind. 12.4.2.8
Ind. 5.6.2.18,Ind. 14.1.1.8
Ind. 16.1.4.1,Ind. 5.6.2.1
Ind. 16.7.1.4,Ind. 3.d.2.2
Ind. 14.1.1.9,Ind. 10.5.1.1
Ind. 16.1.4.1,Ind. 5.6.2.18
Ind. 4.4.1.1,Ind. 1.4.2.3
Ind. 11.2.1.1,Ind. 5.a.1.2
Ind. 15.6.1.4,Ind. 12.b.1.2
Ind. 16.7.1.4,Ind. 10.7.2.1
Ind. 5.6.2.17,Ind. 12.4.2.9
Ind. 5.6.2.9,Ind. 12.4.2.9
Ind. 16.3.1.1,Ind. 5.a.2.1
Ind. 10.7.1.1,Ind. 6.6.1.10
Ind. 12.4.2.13,Ind. 16.1.3.3
Ind. 5.6.2.1,Ind. 5.a.2.1
Ind. 10.7.1.1,Ind. 6.6.1.19
Ind. 11.6.1.1,Ind. 14.1.1.7
Ind. 3.5.1.1,Ind. 10.1.1.1
Ind. 5.a.1.2,Ind. 3.b.3.1
Ind. 11.2.1.1,Ind. 17.15.1.5
Ind. 16.3.1.1,Ind. 1.4.2.3
Ind. 6.6.1.24,Ind. 17.7.1.4
Ind. 10.7.1.1,Ind. 17.18.3.1
Ind. 2.3.1.1,Ind. 5.a.2.1
Ind. 16.7.1.4,Ind. 9.4.1.1
Ind. 11.4.1.3,Ind. 14.a.1.1
Ind. 17.7.1.5,Ind. 11.5.3.6
Ind. 1.2.2.3,Ind. 6.5.1.2
Ind. 11.4.1.5,Ind. 16.3.1.3
Ind. 11.7.1.1,Ind. 16.3.1.3
Ind. 16.7.1.4,Ind. 3.4.1.1
Ind. 16.7.1.4,Ind. 3.9.1.2
Ind. 16.4.2.1,Ind. 17.15.1.3
Ind. 11.2.1.1,Ind. 12.4.2.11
Ind. 5.a.1.2,Ind. 5.a.2.1
Ind. 3.d.2.2,Ind. 1.4.2.3
Ind. 5.6.2.17,Ind. 8.8.1.2
Ind. 14.1.1.9,Ind. 3.b.2.1
Ind. 10.7.1.1,Ind. 6.1.1.1
Ind. 6.3.2.2,Ind. 4.5.1.4
Ind. 5.6.2.4,Ind. 12.4.2.9
Ind. 11.6.1.1,Ind. 14.1.1.2
Ind. 1.4.2.1,Ind. 1.2.2.2
Ind. 12.4.2.17,Ind. 4.5.1.9
Ind. 1.4.2.3,Ind. 15.3.1.1
Ind. 10.7.1.1,Ind. 17.13.1.13
Ind. 16.7.1.4,Ind. 7.2.1.1
Ind. 14.1.1.9,Ind. 15.5.1.1
Ind. 16.7.1.4,Ind. 9.b.1.1
Ind. 5.6.2.18,Ind. 12.4.2.3
Ind. 14.1.1.9,Ind. 14.1.1.2
Ind. 14.1.1.9,Ind. 16.6.1.1
Ind. 5.6.2.14,Ind. 12.4.2.11
Ind. 14.1.1.9,Ind. 9.1.2.2
Ind. 14.1.1.9,Ind. 1.5.1.1
Ind. 12.4.2.17,Ind. 9.3.2.1
Ind. 5.6.2.15,Ind. 12.4.2.8
Ind. 5.6.2.7,Ind. 12.4.2.8
Ind. 16.7.1.4,Ind. 3.d.2.1
Ind. 11.2.1.1,Ind. 5.a.1.1
Ind. 3.8.2.2,Ind. 5.6.2.9
Ind. 11.2.1.1,Ind. 6.4.2.1
Ind. 5.6.2.9,Ind. 8.8.1.2
Ind. 11.6.1.1,Ind. 14.1.1.6
Ind. 5.6.2.8,Ind. 12.4.2.15
Ind. 3.b.3.1,Ind. 5.a.1.1
Ind. 16.7.1.4,Ind. 8.4.2.1
Ind. 10.7.1.1,Ind. 17.18.2.1
Ind. 4.7.1.2,Ind. 16.1.3.3
Ind. 14.1.1.9,Ind. 8.a.1.2
Ind. 6.3.1.3,Ind. 10.1.1.1
Ind. 1.2.2.3,Ind. 6.5.1.1
Ind. 10.7.1.1,Ind. 10.a.1.1
Ind. 16.1.3.1,Ind. 6.6.1.25
Ind. 10.7.1.1,Ind. 10.5.1.2
Ind. 14.1.1.9,Ind. 9.c.1.3
Ind. 16.1.3.2,Ind. 6.3.2.4
Ind. 12.4.2.17,Ind. 1.3.1.10
Ind. 16.7.1.4,Ind. 3.9.1.1
Ind. 16.7.1.4,Ind. 1.5.1.2
Ind. 14.1.1.9,Ind. 3.3.3.1
Ind. 16.7.1.3,Ind. 8.8.1.1
Ind. 2.3.2.2,Ind. 6.3.1.3
Ind. 3.d.2.1,Ind. 1.4.2.3
Ind. 5.6.2.17,Ind. 8.8.1.1
Ind. 5.6.2.4,Ind. 3.8.2.2
Ind. 16.7.1.4,Ind. 6.5.2.3
Ind. 10.7.1.1,Ind. 10.5.1.3
Ind. 5.6.2.11,Ind. 12.4.2.15
Ind. 12.4.2.15,Ind. 5.6.2.3
Ind. 1.3.1.5,Ind. 5.6.2.1
Ind. 11.4.1.5,Ind. 4.7.1.2
Ind. 1.3.1.5,Ind. 5.6.2.18
Ind. 11.2.1.1,Ind. 17.15.1.8
Ind. 14.1.1.9,Ind. 6.6.1.3
Ind. 5.a.1.2,Ind. 4.7.1.1
Ind. 12.4.2.17,Ind. 16.1.1.2
Ind. 6.6.1.24,Ind. 15.a.1.2
Ind. 5.6.2.13,Ind. 12.4.2.11
Ind. 14.1.1.9,Ind. 9.1.2.1
Ind. 2.b.1.1,Ind. 5.6.2.10
Ind. 16.5.1.1,Ind. 11.4.1.5
Ind. 11.4.1.3,Ind. 17.14.1.1
Ind. 10.7.1.1,Ind. 1.a.1.1
Ind. 11.2.1.1,Ind. 4.5.1.8
Ind. 11.2.1.1,Ind. 11.6.2.1
Ind. 15.6.1.4,Ind. 9.b.1.1
Ind. 1.3.1.11,Ind. 11.4.1.5
Ind. 14.1.1.9,Ind. 2.c.1.1
Ind. 15.3.1.1,Ind. 16.1.3.3
Ind. 14.1.1.9,Ind. 14.1.1.5
Ind. 12.4.2.17,Ind. 3.8.2.2
Ind. 10.3.1.1,Ind. 16.1.3.3
Ind. 11.4.1.4,Ind. 4.5.1.5
Ind. 5.6.2.6,Ind. 12.4.2.14
Ind. 6.6.1.25,Ind. 12.5.1.1
Ind. 16.7.1.3,Ind. 12.4.2.12
Ind. 1.4.2.2,Ind. 4.5.1.8
Ind. 11.2.1.1,Ind. 16.3.1.3
Ind. 5.6.2.15,Ind. 12.4.2.15
Ind. 10.7.1.1,Ind. 9.c.1.3
Ind. 5.6.2.7,Ind. 12.4.2.15
Ind. 10.7.1.1,Ind. 17.13.1.16
Ind. 11.4.1.3,Ind. 5.6.2.18
Ind. 12.4.2.16,Ind. 16.1.3.3
Ind. 2.3.1.2,Ind. 14.6.1.1
Ind. 2.3.1.1,Ind. 5.6.2.1
Ind. 14.1.1.9,Ind. 6.6.1.2
Ind. 2.3.1.1,Ind. 5.6.2.18
Ind. 12.4.2.17,Ind. 6.6.1.16
Ind. 17.15.1.2,Ind. 13.2.2.1
Ind. 14.1.1.9,Ind. 6.6.1.7
Ind. 14.1.1.9,Ind. 1.5.1.3
Ind. 16.7.1.3,Ind. 4.1.2.1
Ind. 4.5.1.3,Ind. 4.7.1.2
Ind. 14.1.1.9,Ind. 7.b.1.1
Ind. 1.4.2.2,Ind. 16.3.1.3
Ind. 14.1.1.9,Ind. 8.a.1.1
Ind. 11.4.1.5,Ind. 7.a.1.1
Ind. 2.b.1.1,Ind. 5.1.1.1
Ind. 10.7.1.1,Ind. 4.1.2.1
Ind. 17.15.1.4,Ind. 16.3.1.3
Ind. 2.b.1.1,Ind. 5.6.2.14
Ind. 14.1.1.9,Ind. 17.3.1.1
Ind. 14.1.1.9,Ind. 17.8.1.1
Ind. 6.5.2.2,Ind. 17.15.1.1
Ind. 12.1.1.2,Ind. 16.3.1.3
Ind. 10.7.1.1,Ind. 4.b.1.1
Ind. 16.7.1.4,Ind. 10.c.1.1
Ind. 14.1.1.9,Ind. 3.3.2.1
Ind. 11.4.1.1,Ind. 6.6.1.20
Ind. 2.3.2.2,Ind. 6.3.1.2
Ind. 1.4.2.1,Ind. 4.a.1.7
Ind. 3.8.2.2,Ind. 5.6.2.3
Ind. 16.7.1.4,Ind. 6.3.2.4
Ind. 14.6.1.1,Ind. 12.4.2.16
Ind. 10.7.1.1,Ind. 9.1.2.1
Ind. 5.6.2.10,Ind. 12.4.2.15
Ind. 12.4.2.17,Ind. 1.3.1.3
Ind. 15.6.1.4,Ind. 4.2.2.1
Ind. 5.6.2.13,Ind. 16.3.1.3
Ind. 6.6.1.24,Ind. 2.c.1.2
Ind. 16.7.1.4,Ind. 1.5.1.5
Ind. 17.2.1.9,Ind. 16.5.1.1
Ind. 1.2.2.4,Ind. 1.3.1.11
Ind. 1.4.2.1,Ind. 16.5.1.1
Ind. 8.8.1.1,Ind. 5.6.2.1
Ind. 12.4.2.17,Ind. 6.6.1.11
Ind. 5.a.1.1,Ind. 4.7.1.1
Ind. 12.4.2.15,Ind. 16.4.2.1
Ind. 16.1.4.1,Ind. 1.4.2.2
Ind. 16.7.1.4,Ind. 11.6.2.1
Ind. 5.6.2.4,Ind. 8.8.1.2
Ind. 15.6.1.4,Ind. 16.2.2.1
Ind. 10.7.1.1,Ind. 10.c.1.1
Ind. 5.6.2.14,Ind. 12.5.1.1
Ind. 14.1.1.9,Ind. 17.7.1.1
Ind. 11.2.1.1,Ind. 4.5.1.7
Ind. 5.6.2.6,Ind. 12.5.1.1
Ind. 6.5.2.2,Ind. 17.15.1.4
Ind. 11.4.1.4,Ind. 1.3.1.11
Ind. 10.3.1.1,Ind. 15.3.1.1
Ind. 3.8.2.1,Ind. 5.a.2.1
Ind. 16.1.3.2,Ind. 15.3.1.1
Ind. 5.6.2.13,Ind. 12.4.2.14
Ind. 10.7.1.1,Ind. 15.6.1.3
Ind. 12.4.2.14,Ind. 5.6.2.5
Ind. 15.6.1.4,Ind. 3.d.1.1
Ind. 5.6.2.17,Ind. 16.3.1.3
Ind. 5.6.2.9,Ind. 16.3.1.3
Ind. 1.2.2.4,Ind. 1.3.1.5
Ind. 16.7.1.4,Ind. 1.5.1.8
Ind. 12.4.2.17,Ind. 6.5.2.1
Ind. 14.1.1.9,Ind. 6.6.1.19
Ind. 17.15.1.1,Ind. 13.2.2.1
Ind. 14.1.1.9,Ind. 6.6.1.6
Ind. 5.6.2.18,Ind. 10.1.1.1
Ind. 4.5.1.3,Ind. 4.7.1.1
Ind. 10.7.1.1,Ind. 3.b.1.3
Ind. 15.6.1.4,Ind. 16.1.1.2
Ind. 11.2.1.1,Ind. 4.1.1.1
Ind. 17.15.1.3,Ind. 16.3.1.3
Ind. 2.b.1.1,Ind. 5.6.2.13
Ind. 10.7.1.1,Ind. 4.5.1.2
Ind. 2.3.2.2,Ind. 5.6.2.1
Ind. 1.3.1.10,Ind. 5.6.2.1
Ind. 12.4.2.10,Ind. 5.a.2.1
Ind. 6.5.2.1,Ind. 17.15.1.1
Ind. 2.3.2.2,Ind. 5.6.2.18
Ind. 1.3.1.10,Ind. 5.6.2.18
Ind. 14.1.1.9,Ind. 1.4.1.1
Ind. 16.7.1.3,Ind. 10.c.1.1
Ind. 10.4.2.1,Ind. 12.5.1.1
Ind. 3.8.2.1,Ind. 5.6.2.7
Ind. 5.6.2.12,Ind. 12.4.2.7
Ind. 10.7.1.1,Ind. 15.1.1.3
Ind. 6.3.2.4,Ind. 12.4.2.13
Ind. 2.3.1.2,Ind. 6.6.1.20
Ind. 5.6.2.4,Ind. 12.4.2.7
Ind. 10.7.1.1,Ind. 15.4.1.1
Ind. 1.2.2.4,Ind. 6.6.1.20
Ind. 16.3.1.2,Ind. 5.6.2.3
Ind. 5.6.2.9,Ind. 12.4.2.14
Ind. 16.7.1.4,Ind. 6.5.2.1
Ind. 12.4.2.17,Ind. 12.5.1.1
Ind. 5.6.2.12,Ind. 16.3.1.3
Ind. 1.2.2.2,Ind. 11.4.1.5
Ind. 6.6.1.24,Ind. 17.2.1.7
Ind. 1.2.2.4,Ind. 1.3.1.9
Ind. 11.4.1.3,Ind. 5.6.2.4
Ind. 5.6.2.6,Ind. 8.8.1.2
Ind. 16.7.1.4,Ind. 1.5.1.7
Ind. 1.3.1.9,Ind. 14.4.1.1
Ind. 1.3.1.3,Ind. 17.15.1.5
Ind. 1.4.2.1,Ind. 10.1.1.1
Ind. 6.3.2.4,Ind. 1.3.1.7
Ind. 10.7.1.1,Ind. 1.5.1.5
Ind. 5.6.2.13,Ind. 12.5.1.1
Ind. 14.1.1.9,Ind. 17.6.1.2
Ind. 15.6.1.4,Ind. 9.1.2.1
Ind. 12.5.1.1,Ind. 5.6.2.5
Ind. 14.1.1.9,Ind. 11.5.3.3
Ind. 5.6.2.18,Ind. 5.a.2.1
Ind. 10.7.1.1,Ind. 14.1.1.5
Ind. 16.7.1.4,Ind. 4.a.1.6
Ind. 6.5.2.1,Ind. 17.15.1.4
Ind. 1.2.2.4,Ind. 14.3.1.1
Ind. 2.3.1.1,Ind. 11.7.1.1
Ind. 5.6.2.12,Ind. 12.4.2.14
Ind. 17.14.1.1,Ind. 17.7.1.4
Ind. 10.7.1.1,Ind. 15.6.1.2
Ind. 10.7.1.1,Ind. 6.6.1.6
Ind. 16.3.1.2,Ind. 5.6.2.7
Ind. 15.6.1.4,Ind. 3.c.1.1
Ind. 10.7.1.1,Ind. 9.2.1.2
Ind. 10.7.1.1,Ind. 9.c.1.1
Ind. 15.6.1.4,Ind. 12.b.1.3
Ind. 12.4.2.17,Ind. 6.3.2.2
Ind. 14.1.1.9,Ind. 6.6.1.1
Ind. 1.2.2.2,Ind. 4.7.1.2
Ind. 14.1.1.9,Ind. 17.13.1.19
Ind. 5.6.2.15,Ind. 8.8.1.2
Ind. 10.7.1.1,Ind. 3.b.1.2
Ind. 1.2.2.2,Ind. 5.a.2.1
Ind. 11.4.1.1,Ind. 5.a.1.2
Ind. 1.2.1.1,Ind. 6.6.1.24
Ind. 16.7.1.4,Ind. 1.5.1.1
Ind. 1.2.2.3,Ind. 1.3.1.8
Ind. 14.1.1.9,Ind. 11.5.3.6
Ind. 1.2.2.4,Ind. 6.5.1.2
Ind. 16.7.1.3,Ind. 17.14.1.1
Ind. 12.4.1.4,Ind. 1.4.2.3
Ind. 5.6.2.6,Ind. 3.8.2.1
Ind. 10.7.1.1,Ind. 15.1.1.2
Ind. 5.6.2.10,Ind. 16.3.1.2
Ind. 15.6.1.4,Ind. 2.5.2.1
Ind. 2.3.2.1,Ind. 6.3.1.4
Ind. 5.6.2.16,Ind. 8.8.1.2
Ind. 1.3.1.1,Ind. 6.3.1.4
Ind. 10.7.1.1,Ind. 6.a.1.1
Ind. 11.2.1.1,Ind. 8.4.2.2
Ind. 11.7.1.1,Ind. 12.4.2.1
Ind. 5.6.2.11,Ind. 16.3.1.3
Ind. 14.1.1.9,Ind. 1.5.1.9
Ind. 5.6.2.4,Ind. 11.4.1.5
Ind. 1.2.2.2,Ind. 11.4.1.4
Ind. 10.7.1.1,Ind. 17.6.1.2
Ind. 2.3.1.2,Ind. 11.2.1.1
Ind. 14.1.1.9,Ind. 17.13.1.12
Ind. 10.7.1.1,Ind. 2.a.2.1
Ind. 8.8.1.1,Ind. 5.6.2.6
Ind. 14.1.1.9,Ind. 17.13.1.9
Ind. 10.7.1.1,Ind. 1.5.1.7
Ind. 10.3.1.1,Ind. 5.6.2.4
Ind. 4.5.1.5,Ind. 4.7.1.4
Ind. 5.6.2.12,Ind. 12.5.1.1
Ind. 5.6.2.1,Ind. 3.8.2.1
Ind. 10.7.1.1,Ind. 14.1.1.4
Ind. 5.6.2.16,Ind. 12.4.2.9
Ind. 5.6.2.18,Ind. 3.8.2.1
Ind. 10.7.1.1,Ind. 14.5.1.1
Ind. 14.1.1.9,Ind. 10.5.1.2
Ind. 14.1.1.9,Ind. 10.7.4.1
Ind. 10.7.1.1,Ind. 15.2.1.1
Ind. 16.1.3.2,Ind. 12.4.2.13
Ind. 10.7.1.1,Ind. 6.6.1.5
Ind. 16.3.1.2,Ind. 5.6.2.6
Ind. 11.2.1.1,Ind. 7.2.1.1
Ind. 11.7.1.1,Ind. 12.4.2.13
Ind. 5.6.2.4,Ind. 5.a.2.1
Ind. 5.6.2.18,Ind. 12.4.2.4
Ind. 1.3.1.10,Ind. 1.4.2.2
Ind. 3.b.3.1,Ind. 14.1.1.3
Ind. 1.2.2.2,Ind. 4.7.1.1
Ind. 14.1.1.9,Ind. 17.12.1.1
Ind. 8.8.1.1,Ind. 5.6.2.15
Ind. 17.15.1.2,Ind. 16.4.2.1
Ind. 14.1.1.9,Ind. 17.17.1.2
Ind. 11.4.1.1,Ind. 5.6.2.18
Ind. 17.7.1.5,Ind. 11.5.3.7
Ind. 6.3.1.3,Ind. 16.1.3.3
Ind. 11.4.1.1,Ind. 5.a.1.1
Ind. 17.7.1.5,Ind. 6.6.1.21
Ind. 2.3.2.1,Ind. 11.4.1.4
Ind. 1.2.2.4,Ind. 1.2.2.3
Ind. 11.2.1.1,Ind. 13.2.2.1
Ind. 6.6.1.24,Ind. 17.2.1.2
Ind. 2.b.1.1,Ind. 6.6.1.25
Ind. 1.2.2.4,Ind. 6.5.1.1
Ind. 12.4.1.3,Ind. 1.4.2.3
Ind. 10.7.1.1,Ind. 15.1.1.1
Ind. 2.3.2.1,Ind. 5.a.2.1
Ind. 12.4.2.17,Ind. 4.5.1.8
Ind. 17.2.1.8,Ind. 12.1.1.2
Ind. 14.1.1.9,Ind. 1.a.1.1
Ind. 14.1.1.9,Ind. 4.b.1.1
Ind. 10.7.1.1,Ind. 6.6.1.9
Ind. 10.7.1.1,Ind. 1.5.1.1
Ind. 10.7.1.1,Ind. 17.6.1.1
Ind. 3.b.3.1,Ind. 14.1.1.6
Ind. 1.2.2.3,Ind. 6.5.1.5
Ind. 14.1.1.9,Ind. 17.13.1.11
Ind. 16.7.1.4,Ind. 1.5.1.3
Ind. 14.1.1.9,Ind. 14.1.1.3
Ind. 12.4.2.12,Ind. 5.6.2.14
Ind. 5.6.2.6,Ind. 12.4.2.8
Ind. 4.5.1.5,Ind. 4.7.1.3
Ind. 11.4.1.4,Ind. 17.7.1.5
Ind. 5.a.1.2,Ind. 6.3.2.2
Ind. 11.6.1.1,Ind. 3.b.3.1
Ind. 10.7.1.1,Ind. 6.2.1.3
Ind. 1.2.2.3,Ind. 1.3.1.2
Ind. 10.7.1.1,Ind. 14.1.1.3
Ind. 10.7.1.1,Ind. 10.5.1.4
Ind. 11.2.1.1,Ind. 6.4.1.1
Ind. 5.6.2.15,Ind. 12.4.2.9
Ind. 15.6.1.4,Ind. 17.6.1.2
Ind. 5.6.2.7,Ind. 12.4.2.9
Ind. 1.2.2.4,Ind. 6.5.1.5
Ind. 8.8.1.1,Ind. 5.6.2.9
Ind. 6.6.1.24,Ind. 8.a.1.4
Ind. 11.6.1.1,Ind. 14.1.1.5
Ind. 6.6.1.24,Ind. 12.4.2.14
Ind. 3.b.3.1,Ind. 10.1.1.1
Ind. 10.7.1.1,Ind. 17.17.1.2
Ind. 2.3.1.1,Ind. 6.3.1.1
Ind. 1.4.2.1,Ind. 1.3.1.10
Ind. 16.7.1.3,Ind. 4.7.1.3
Ind. 12.4.2.17,Ind. 16.5.2.1
Ind. 14.1.1.9,Ind. 17.10.1.2
Ind. 12.4.2.17,Ind. 10.c.1.4
Ind. 16.7.1.3,Ind. 1.a.2.1
Ind. 12.4.2.17,Ind. 9.5.2.1
Ind. 14.1.1.9,Ind. 17.13.1.15
Ind. 5.6.2.1,Ind. 12.4.2.8
Ind. 17.15.1.1,Ind. 16.4.2.1
Ind. 2.3.1.2,Ind. 5.6.2.1
Ind. 15.6.1.4,Ind. 17.13.1.19
Ind. 14.1.1.9,Ind. 14.1.1.6
Ind. 2.3.1.2,Ind. 5.6.2.18
Ind. 10.3.1.1,Ind. 5.6.2.7
Ind. 14.1.1.9,Ind. 1.5.1.4
Ind. 14.1.1.9,Ind. 3.b.1.3
Ind. 10.7.1.1,Ind. 12.c.1.3
Ind. 3.8.2.2,Ind. 5.a.2.1
Ind. 11.4.1.4,Ind. 5.6.2.1
Ind. 11.4.1.4,Ind. 5.6.2.18
Ind. 1.3.1.4,Ind. 6.3.2.4
Ind. 10.7.1.1,Ind. 1.5.1.2
Ind. 11.4.1.5,Ind. 4.7.1.1
Ind. 10.7.1.1,Ind. 17.13.1.8
Ind. 15.6.1.4,Ind. 4.c.1.1
Ind. 11.2.1.1,Ind. 17.15.1.7
Ind. 17.2.1.5,Ind. 6.6.1.24
Ind. 12.4.2.17,Ind. 16.1.1.1
Ind. 2.3.1.1,Ind. 6.3.2.1
Ind. 1.3.1.6,Ind. 5.6.2.1
Ind. 10.7.1.1,Ind. 17.4.1.1
Ind. 1.3.1.6,Ind. 5.6.2.18
Ind. 14.1.1.9,Ind. 10.6.1.1
Ind. 1.2.2.3,Ind. 6.5.1.4
Ind. 12.5.1.3,Ind. 12.1.1.2
Ind. 6.5.2.2,Ind. 17.15.1.2
Ind. 1.2.2.2,Ind. 14.4.1.1
Ind. 15.6.1.4,Ind. 14.5.1.1
Ind. 16.7.1.4,Ind. 3.4.2.2
Ind. 4.5.1.3,Ind. 6.3.2.3
Ind. 5.6.2.13,Ind. 12.4.2.12
Ind. 5.6.2.13,Ind. 12.4.2.8
Ind. 16.7.1.4,Ind. 3.9.2.1
Ind. 2.3.2.2,Ind. 6.3.2.2
Ind. 17.15.1.6,Ind. 13.2.2.2
Ind. 1.3.1.10,Ind. 13.2.2.2
Ind. 16.7.1.4,Ind. 4.5.1.1
Ind. 10.7.1.1,Ind. 10.5.1.6
Ind. 12.4.2.17,Ind. 3.8.2.1
Ind. 3.8.2.2,Ind. 5.6.2.7
Ind. 16.7.1.4,Ind. 1.5.1.6
Ind. 11.6.1.1,Ind. 14.1.1.4
Ind. 4.5.1.5,Ind. 11.4.1.5
Ind. 5.6.2.6,Ind. 12.4.2.15
Ind. 10.7.1.1,Ind. 17.13.1.15
Ind. 14.1.1.9,Ind. 11.5.3.1
Ind. 16.1.3.2,Ind. 12.4.2.16
Ind. 2.3.1.1,Ind. 14.6.1.1
Ind. 3.5.1.1,Ind. 1.3.1.7
Ind. 1.3.1.5,Ind. 5.6.2.4
Ind. 14.1.1.9,Ind. 15.6.1.2
Ind. 10.7.1.1,Ind. 17.17.1.1
Ind. 16.7.1.3,Ind. 4.7.1.2
Ind. 14.1.1.9,Ind. 9.2.1.2
Ind. 12.4.2.3,Ind. 5.a.2.1
Ind. 5.6.2.13,Ind. 8.8.1.2
Ind. 2.3.1.2,Ind. 4.5.1.10
Ind. 15.6.1.4,Ind. 12.b.1.1
Ind. 1.4.2.3,Ind. 3.4.2.2
Ind. 5.6.2.17,Ind. 12.4.2.8
Ind. 14.1.1.9,Ind. 3.3.1.1
Ind. 2.3.2.2,Ind. 6.3.1.1
Ind. 5.6.2.9,Ind. 12.4.2.8
Ind. 3.8.2.2,Ind. 5.6.2.2
Ind. 10.3.1.1,Ind. 16.7.1.3
Ind. 11.6.1.1,Ind. 12.6.1.1
Ind. 4.a.1.7,Ind. 1.4.2.2
Ind. 10.7.1.1,Ind. 17.13.1.10
Ind. 10.7.1.1,Ind. 17.13.1.7
Ind. 11.2.1.1,Ind. 17.15.1.6
Ind. 10.7.1.1,Ind. 17.18.3.2
Ind. 14.1.1.9,Ind. 6.a.1.1
Ind. 16.7.1.4,Ind. 8.b.1.1
Ind. 16.7.1.4,Ind. 1.5.4.1
Ind. 8.8.1.1,Ind. 5.6.2.4
Ind. 5.a.1.1,Ind. 5.a.2.1
Ind. 12.1.1.2,Ind. 5.a.2.1
Ind. 2.b.1.1,Ind. 5.6.2.17
Ind. 2.3.1.1,Ind. 11.6.1.1
Ind. 6.6.1.24,Ind. 12.4.2.1
Ind. 16.7.1.4,Ind. 12.4.1.5
Ind. 16.7.1.4,Ind. 3.4.2.1
Ind. 5.6.2.4,Ind. 12.4.2.8
Ind. 15.6.1.4,Ind. 17.13.1.8
Ind. 4.4.1.1,Ind. 3.b.3.1
Ind. 1.3.1.2,Ind. 15.3.1.1
Ind. 12.4.2.10,Ind. 6.6.1.25
Ind. 14.1.1.9,Ind. 3.b.2.2
Ind. 3.8.2.2,Ind. 5.6.2.6
Ind. 4.1.2.1,Ind. 6.6.1.24
Ind. 6.6.1.24,Ind. 10.4.2.1
Ind. 4.5.1.6,Ind. 6.3.2.3
Ind. 11.6.1.1,Ind. 14.1.1.3
Ind. 5.6.2.13,Ind. 12.4.2.15
Ind. 12.4.2.15,Ind. 5.6.2.5
Ind. 10.7.1.1,Ind. 17.13.1.14
Ind. 14.1.1.9,Ind. 6.6.1.18
Ind. 14.1.1.9,Ind. 6.6.1.5
Ind. 12.4.2.17,Ind. 15.3.1.1
Ind. 14.1.1.9,Ind. 15.a.1.1
Ind. 12.4.2.17,Ind. 15.8.1.1
Ind. 17.7.1.5,Ind. 1.5.1.7
Ind. 14.1.1.9,Ind. 9.1.2.3
Ind. 15.6.1.4,Ind. 16.1.1.1
Ind. 5.6.2.13,Ind. 8.8.1.1
Ind. 2.b.1.1,Ind. 5.6.2.12
Ind. 14.1.1.9,Ind. 10.c.1.3
Ind. 14.1.1.9,Ind. 11.5.3.4
Ind. 1.4.2.3,Ind. 3.4.2.1
Ind. 5.6.2.9,Ind. 12.5.1.1
Ind. 6.6.1.24,Ind. 10.c.1.3
Ind. 16.7.1.3,Ind. 8.4.2.2
Ind. 5.6.2.1,Ind. 3.8.2.2
Ind. 14.1.1.9,Ind. 3.b.1.1
Ind. 5.6.2.18,Ind. 3.8.2.2
Ind. 5.6.2.8,Ind. 12.4.2.14
Ind. 14.1.1.9,Ind. 1.5.1.7
Ind. 15.6.1.4,Ind. 3.b.1.3
Ind. 11.2.1.1,Ind. 9.4.1.1
Ind. 15.6.1.4,Ind. 4.5.1.2
Ind. 10.7.1.1,Ind. 17.13.1.1
Ind. 5.6.2.3,Ind. 16.3.1.3
Ind. 5.6.2.9,Ind. 12.4.2.15
Ind. 1.2.2.4,Ind. 1.3.1.8
Ind. 6.3.1.3,Ind. 16.3.1.3
Ind. 14.1.1.9,Ind. 6.6.1.9
Ind. 4.5.1.3,Ind. 4.7.1.4
Ind. 17.2.1.8,Ind. 6.6.1.24
Ind. 10.7.1.1,Ind. 3.b.2.2
Ind. 10.7.1.1,Ind. 10.b.1.1
Ind. 17.7.1.5,Ind. 15.4.2.1
Ind. 17.7.1.5,Ind. 16.3.1.2
Ind. 2.b.1.1,Ind. 5.6.2.16
Ind. 5.6.2.7,Ind. 8.8.1.2
Ind. 15.6.1.4,Ind. 9.4.1.3
Ind. 10.7.1.1,Ind. 4.a.1.1
Ind. 3.8.1.1,Ind. 1.4.2.3
Ind. 14.1.1.9,Ind. 2.a.1.2
Ind. 1.4.2.2,Ind. 10.1.1.1
Ind. 16.7.1.3,Ind. 8.8.1.2
Ind. 2.3.2.2,Ind. 6.3.1.4
Ind. 5.6.2.11,Ind. 12.4.2.14
Ind. 6.3.1.1,Ind. 3.8.2.1
Ind. 12.4.2.14,Ind. 5.6.2.3
Ind. 2.3.2.1,Ind. 6.3.2.4
Ind. 10.7.1.1,Ind. 15.a.1.1
Ind. 16.7.1.4,Ind. 6.3.1.1
Ind. 3.8.2.2,Ind. 5.6.2.5
Ind. 16.7.1.4,Ind. 6.4.2.1
Ind. 4.4.1.1,Ind. 1.2.2.3
Ind. 10.7.1.1,Ind. 9.1.2.3
Ind. 5.6.2.12,Ind. 12.4.2.15
Ind. 11.2.1.1,Ind. 9.b.1.1
Ind. 12.4.2.17,Ind. 6.3.2.1
Ind. 11.4.1.1,Ind. 2.3.1.2
Ind. 5.6.2.7,Ind. 16.3.1.3
Ind. 14.1.1.9,Ind. 15.1.2.2
Ind. 14.1.1.9,Ind. 6.6.1.4
Ind. 1.2.2.2,Ind. 5.a.1.2
Ind. 1.3.1.1,Ind. 1.4.2.2
Ind. 6.6.1.24,Ind. 17.2.1.1
Ind. 2.3.1.2,Ind. 1.4.2.3
Ind. 4.4.1.1,Ind. 1.2.2.4
Ind. 5.6.2.18,Ind. 12.4.2.10
Ind. 2.b.1.1,Ind. 5.6.2.11
Ind. 5.a.1.1,Ind. 8.8.1.2
Ind. 1.4.2.3,Ind. 3.4.1.1
Ind. 5.6.2.8,Ind. 12.5.1.1
Ind. 10.7.1.1,Ind. 4.a.1.5
Ind. 16.7.1.3,Ind. 12.4.2.11
Ind. 14.1.1.9,Ind. 2.c.1.2
Ind. 5.6.2.10,Ind. 12.4.2.7
Ind. 6.3.2.2,Ind. 12.4.2.13
Ind. 3.d.2.1,Ind. 3.b.3.1
Ind. 5.6.2.15,Ind. 12.4.2.14
Ind. 2.3.2.1,Ind. 6.3.1.3
Ind. 8.8.1.1,Ind. 5.6.2.16
Ind. 5.6.2.7,Ind. 12.4.2.14
Ind. 12.4.2.17,Ind. 12.4.1.3
Ind. 3.8.1.1,Ind. 14.4.1.1
Ind. 14.1.1.9,Ind. 11.5.3.7
Ind. 11.2.1.1,Ind. 8.4.2.1
Ind. 6.5.2.2,Ind. 12.4.2.16
Ind. 4.5.1.9,Ind. 1.4.2.2
Ind. 5.6.2.10,Ind. 16.3.1.3
Ind. 3.b.3.1,Ind. 14.1.1.4
Ind. 6.6.1.24,Ind. 11.5.3.7
Ind. 2.3.2.2,Ind. 15.3.1.1
Ind. 4.a.1.7,Ind. 6.3.1.3
Ind. 6.3.1.2,Ind. 16.3.1.3
Ind. 16.1.3.1,Ind. 1.4.2.2
Ind. 10.7.1.1,Ind. 3.3.5.1
Ind. 4.7.1.3,Ind. 4.5.1.3
Ind. 10.7.1.1,Ind. 3.b.2.1
Ind. 5.6.2.11,Ind. 12.5.1.1
Ind. 14.1.1.9,Ind. 17.4.1.1
Ind. 11.2.1.1,Ind. 4.5.1.4
Ind. 12.4.2.10,Ind. 5.6.2.5
Ind. 2.b.1.1,Ind. 5.6.2.15
Ind. 5.6.2.18,Ind. 12.4.2.13
Ind. 5.6.2.3,Ind. 12.5.1.1
Ind. 14.1.1.9,Ind. 17.9.1.1
Ind. 15.6.1.4,Ind. 9.4.1.1
Ind. 8.8.1.1,Ind. 5.6.2.7
Ind. 4.5.1.6,Ind. 4.7.1.4
Ind. 11.4.1.1,Ind. 6.6.1.21
Ind. 5.6.2.10,Ind. 12.4.2.14
Ind. 5.6.2.13,Ind. 16.3.1.2
Ind. 10.7.1.1,Ind. 15.5.1.1
Ind. 6.6.1.25,Ind. 8.5.1.1
Ind. 10.7.1.1,Ind. 6.6.1.4
Ind. 2.3.2.1,Ind. 6.3.2.3
Ind. 16.7.1.4,Ind. 6.4.1.1
Ind. 10.7.1.1,Ind. 9.1.2.2
Ind. 16.5.1.1,Ind. 17.2.1.10
Ind. 12.4.2.14,Ind. 16.4.2.1
Ind. 11.7.1.1,Ind. 12.4.2.6
Ind. 1.4.2.1,Ind. 16.1.4.1
Ind. 17.14.1.1,Ind. 11.4.1.2
Ind. 12.4.2.17,Ind. 10.c.1.2
Ind. 5.6.2.6,Ind. 16.3.1.3
Ind. 11.4.1.1,Ind. 2.3.1.1
Ind. 1.2.2.4,Ind. 1.3.1.2
Ind. 5.6.2.1,Ind. 8.8.1.2
Ind. 16.1.3.2,Ind. 4.7.1.2
Ind. 10.7.1.1,Ind. 2.c.1.2
Ind. 14.1.1.9,Ind. 14.1.1.4
Ind. 14.1.1.9,Ind. 1.5.1.2
Ind. 3.b.3.1,Ind. 14.a.1.1
Ind. 14.1.1.9,Ind. 17.17.1.1
Ind. 3.b.3.1,Ind. 15.2.1.5
Ind. 10.7.1.1,Ind. 3.d.1.1
Ind. 17.7.1.5,Ind. 6.6.1.20
Ind. 2.3.1.2,Ind. 11.4.1.4
Ind. 5.6.2.15,Ind. 12.5.1.1
Ind. 14.1.1.9,Ind. 17.7.1.2
Ind. 2.3.1.2,Ind. 6.3.1.1
Ind. 5.6.2.7,Ind. 12.5.1.1
Ind. 10.7.1.1,Ind. 14.1.1.7
Ind. 1.4.2.3,Ind. 12.4.1.2
Ind. 10.7.1.1,Ind. 1.a.2.1
Ind. 5.6.2.1,Ind. 12.4.2.7
Ind. 5.6.2.4,Ind. 3.8.2.1
Ind. 10.7.1.1,Ind. 15.2.1.4
Ind. 5.6.2.17,Ind. 16.3.1.2
Ind. 15.6.1.4,Ind. 3.1.2.1
Ind. 6.6.1.24,Ind. 17.2.1.3
Ind. 2.3.2.1,Ind. 6.3.1.2
Ind. 10.7.1.1,Ind. 6.6.1.8
Ind. 16.3.1.2,Ind. 5.6.2.9
Ind. 10.7.1.1,Ind. 8.a.1.2
Ind. 3.5.1.1,Ind. 12.1.1.2
Ind. 14.1.1.9,Ind. 10.5.1.6
Ind. 16.1.3.2,Ind. 3.b.3.1
Ind. 11.4.1.3,Ind. 5.6.2.1
Ind. 11.7.1.1,Ind. 5.a.1.2
Ind. 6.6.1.24,Ind. 10.5.1.6
Ind. 10.7.1.1,Ind. 17.9.1.1
Ind. 1.3.1.3,Ind. 6.3.2.4
Ind. 12.4.2.17,Ind. 6.5.2.2
Ind. 14.1.1.9,Ind. 17.13.1.10
Ind. 10.7.1.1,Ind. 3.3.3.1
Ind. 1.2.2.3,Ind. 6.6.1.21
Ind. 10.3.1.1,Ind. 12.4.2.16
Ind. 4.5.1.5,Ind. 4.7.1.2
Ind. 5.a.1.2,Ind. 6.3.2.1
Ind. 5.6.2.10,Ind. 12.5.1.1
Ind. 17.7.1.5,Ind. 6.b.1.2
Ind. 5.6.2.2,Ind. 12.5.1.1
Ind. 1.2.2.3,Ind. 1.3.1.11
Ind. 10.7.1.1,Ind. 14.1.1.2
Ind. 6.6.1.24,Ind. 8.a.1.3
Ind. 15.6.1.4,Ind. 17.6.1.1
Ind. 5.6.2.6,Ind. 12.4.2.9
Ind. 1.2.2.4,Ind. 6.5.1.4
Ind. 4.5.1.6,Ind. 4.7.1.3
Ind. 17.7.1.5,Ind. 11.4.1.5
Ind. 10.7.1.1,Ind. 15.1.2.1
Ind. 6.5.2.2,Ind. 17.15.1.3
Ind. 10.7.1.1,Ind. 1.5.1.3
Ind. 5.a.1.2,Ind. 12.4.2.16
Ind. 5.6.2.12,Ind. 16.3.1.2
Ind. 1.2.2.4,Ind. 6.6.1.21
Ind. 5.b.1.1,Ind. 1.4.2.3
Ind. 10.7.1.1,Ind. 10.5.1.5
Ind. 17.7.1.5,Ind. 15.3.1.1
Ind. 11.7.1.1,Ind. 12.4.2.4
Ind. 10.3.1.1,Ind. 17.7.1.5
Ind. 6.6.1.24,Ind. 12.4.2.15
Ind. 12.4.2.17,Ind. 1.2.1.1
Ind. 14.1.1.9,Ind. 17.13.1.14
Ind. 10.7.1.1,Ind. 1.5.1.4
Ind. 10.7.1.1,Ind. 2.c.1.1
Ind. 17.7.1.5,Ind. 6.3.1.3
Ind. 16.7.1.3,Ind. 5.a.2.1
Ind. 14.1.1.9,Ind. 10.c.1.1
Ind. 10.3.1.1,Ind. 5.6.2.6
Ind. 1.3.1.3,Ind. 17.15.1.6
Ind. 16.7.1.3,Ind. 10.1.1.1
Ind. 2.3.1.1,Ind. 11.4.1.4
Ind. 6.6.1.24,Ind. 11.5.3.2
Ind. 1.4.2.1,Ind. 3.b.3.1
Ind. 10.7.1.1,Ind. 12.c.1.1
Ind. 5.6.2.1,Ind. 12.4.2.9
Ind. 1.2.2.3,Ind. 1.3.1.5
Ind. 10.7.1.1,Ind. 14.1.1.6
Ind. 14.1.1.9,Ind. 14.1.1.7
Ind. 3.8.2.1,Ind. 5.6.2.3
Ind. 14.1.1.9,Ind. 1.5.1.5
Ind. 2.3.2.1,Ind. 6.3.1.1
Ind. 10.3.1.1,Ind. 17.14.1.1
Ind. 6.6.1.25,Ind. 8.8.1.2
Ind. 10.7.1.1,Ind. 6.6.1.7
Ind. 6.3.2.2,Ind. 12.4.2.16
Ind. 10.7.1.1,Ind. 7.b.1.1
Ind. 10.7.1.1,Ind. 10.6.1.1
Ind. 11.4.1.5,Ind. 5.6.2.1
Ind. 5.6.2.18,Ind. 11.4.1.5
Ind. 11.7.1.1,Ind. 12.4.2.9
Ind. 11.7.1.1,Ind. 5.a.1.1
Ind. 12.4.2.4,Ind. 5.a.2.1
Ind. 10.7.1.1,Ind. 17.3.1.1
Ind. 1.2.2.3,Ind. 6.5.1.3
Ind. 12.1.1.2,Ind. 12.5.1.2
Ind. 14.1.1.9,Ind. 17.13.1.1
Ind. 6.5.2.1,Ind. 17.15.1.2
Ind. 17.2.1.6,Ind. 6.6.1.24
Ind. 14.1.1.9,Ind. 17.13.1.5
Ind. 10.7.1.1,Ind. 3.3.2.1
Ind. 1.2.2.3,Ind. 6.6.1.20
Ind. 17.7.1.5,Ind. 1.5.1.8
Ind. 17.15.1.4,Ind. 16.4.2.1
Ind. 16.5.1.1,Ind. 5.6.2.1
Ind. 14.1.1.9,Ind. 10.6.1.2
Ind. 11.2.1.1,Ind. 12.4.2.12
Ind. 16.5.1.1,Ind. 5.6.2.18
Ind. 4.5.1.5,Ind. 4.7.1.1
Ind. 16.7.1.4,Ind. 4.4.1.1
Ind. 1.3.1.2,Ind. 5.6.2.2
Ind. 10.7.1.1,Ind. 6.2.1.1
Ind. 10.7.1.1,Ind. 14.1.1.1
Ind. 5.6.2.13,Ind. 12.4.2.9
Ind. 1.2.2.3,Ind. 1.3.1.9
Ind. 1.2.2.4,Ind. 6.5.1.3
Ind. 4.5.1.6,Ind. 4.7.1.2
Ind. 1.2.2.2,Ind. 1.4.2.2
Ind. 5.a.1.1,Ind. 12.4.2.16
Ind. 5.6.2.11,Ind. 16.3.1.2
Ind. 14.1.1.9,Ind. 1.5.1.8
Ind. 11.4.1.4,Ind. 5.6.2.4
Ind. 17.14.1.1,Ind. 14.1.1.8
Ind. 16.7.1.4,Ind. 1.5.4.2
